Business Name,Website,Address,Growth Signals,Weaknesses,Opportunities,Readiness Score,Why Now?,Suggested Pitch
Sydney Digital Marketing,https://sydneydigitalmarketing.com.au/?utm_source=google&utm_medium=organic&utm_campaign=gmb-profile-sydney,"The Commons, 388 George St, Sydney NSW 2000, Australia","The business has been operating since 2014, has a diverse portfolio of clients across various industries, and has received positive feedback from clients. They also mention working with international brands and transforming digital marketing from loss-making to revenue-generating.","The website content is repetitive and lacks clear organization. There is no mention of a blog, which could be a missed opportunity for content marketing. The website could benefit from improved SEO optimization and clearer call-to-action buttons.","SEO optimization to improve search engine rankings and visibility, Conversion design to enhance user experience and increase lead generation, Email marketing to engage with leads and nurture relationships, CRM setup to streamline customer interactions and improve retention rates",7,"The business has been successful in transforming digital marketing for clients, indicating a readiness to invest in further growth strategies. The lack of a clear blog or optimized SEO signals a potential need for external expertise.","Hi there, I noticed your diverse portfolio and success in transforming digital marketing for clients. With our expertise in SEO optimization, conversion design, email marketing, and CRM setup, we can help take your business to the next level by enhancing visibility, user experience, engagement, and customer relationships."
Direct Clicks | Digital Marketing Agency,https://directclicks.com.au/?utm_source=google&utm_medium=organic&utm_campaign=gmb,"Suite 4, Level 9/171 Clarence St, Sydney NSW 2000, Australia","The business has been in operation since 2006, indicating stability and longevity in the industry. They have a dedicated team for website design, development, SEO, and digital advertising. Their client base has grown to over 1000 accounts, showing a strong customer retention rate.","The website lacks a clear call to action on the homepage, making it difficult for visitors to understand how to engage with the business. The blog section seems outdated and could benefit from more recent and relevant content to drive organic traffic.","Implement a comprehensive SEO strategy to boost organic search rankings and drive more targeted traffic to the website., Optimize the website for lead generation by improving the user experience, adding clear CTAs, and creating dedicated landing pages for different services.",8,"Given the business's long history, established client base, and the need for improved SEO and lead generation tactics on the website, they are likely to be open to hiring digital services soon to further enhance their online presence and drive business growth.","With over 15 years of experience in digital marketing, we can help optimize your website for better search engine visibility and lead generation. Let us partner with you to drive targeted traffic and convert more visitors into customers."
AdVisible,https://advisible.com.au/?utm_source=google&utm_medium=organic&utm_campaign=gmb,"Suite 302, Level 3/120 Sussex St, Sydney NSW 2000, Australia","The business has won multiple awards, has a long list of satisfied clients with positive testimonials, and has shown significant growth in revenue and conversions for their clients.","The website lacks a blog section, there is no clear call to action on the homepage, and there is limited information on the team members and their expertise.","SEO optimization to improve organic visibility and traffic, Conversion rate optimization to enhance lead generation and sales, Implementing email marketing campaigns to nurture leads and engage with existing customers",8,"Given the business's focus on growth and the testimonials highlighting the impact of digital marketing, they are likely to be open to hiring help to further enhance their online presence and drive more results.","Hi AdVisible, I noticed your impressive track record in delivering exceptional results for your clients. With our expertise in SEO optimization, conversion rate optimization, and email marketing, we can help take your business to the next level by maximizing your online visibility and driving more leads and sales."
Melotti Content Media | Marketing Agency,https://www.melottimedia.com.au/?utm_source=google&utm_medium=organic&utm_campaign=gmb-website,"Level 7/70 King St, Sydney NSW 2000, Australia","The business has won multiple awards, has a high client satisfaction rating, and has worked with multinational corporations and SME businesses.","The website lacks a blog section, there is no clear call to action on the homepage, and the site could benefit from SEO optimization.","SEO optimization to improve search engine visibility and drive organic traffic, Conversion design to enhance user experience and increase lead generation",7,The business's focus on brand messaging and marketing strategy indicates a readiness to invest in digital services to further enhance their online presence and reach.,"Hello, I noticed your award-winning brand messaging agency could benefit from SEO optimization and conversion design to further amplify your brand's voice and captivate your customers. Let's work together to enhance your online presence and drive more leads."
SERV. Agency,https://servagency.com.au/,"Level 5/100 Market St, Sydney NSW 2000, Australia","The business has over 200 clients across Australia, indicating a strong client base. They also mention helping restaurants book more diners, increase functions, and maximize spend per person, showing a focus on revenue generation.","The website lacks a blog section for content marketing, and there are no clear call-to-action buttons on the homepage. The site could benefit from improved SEO optimization to increase visibility.","SEO optimization to improve search engine rankings and visibility, Conversion design to enhance user experience and increase bookings, Email marketing campaigns to engage with customers and drive repeat business",7,"Given the business's focus on revenue growth and the mention of a clear and logical plan towards revenue growth, they are likely open to exploring digital services to further enhance their marketing efforts.","Increase your restaurant's online visibility and drive more bookings with our tailored SEO optimization, conversion design, and email marketing services. Let us help you maximize your revenue potential and grow your business sustainably."
Defiant Digital Marketing Agency,https://www.defiantdigital.com.au/,"Level 21/133 Castlereagh St, Sydney NSW 2000, Australia",The business mentions a 640% increase in ROAS for a client and emphasizes their ability to create thumb-stopping ads. They also highlight their focus on measurable results and ROI for clients.,"The website lacks a clear call to action on the homepage, making it difficult for visitors to convert. There is also no mention of a blog, which could be a missed opportunity for content marketing and SEO.","Conversion Rate Optimization (CRO) to improve the website's effectiveness in converting visitors into leads or customers, Search Engine Optimization (SEO) to increase organic visibility and drive more traffic to the site",7,"Given the business's focus on growth and results, they are likely open to investing in services that can further enhance their digital marketing efforts. The lack of a clear call to action and blog indicates they may be looking to improve their online presence.","Hi Defiant Digital team, I noticed your impressive track record of delivering ROI for clients and creating engaging ads. I believe implementing Conversion Rate Optimization and Search Engine Optimization strategies could further boost your results and drive even more growth for your business."
Loudachris Digital Marketing - Google Ads & Local SEO Agency in Sydney,https://www.loudachris.com.au/?utm_source=google&utm_medium=GBP&utm_campaign=Sydney&utm_content=MainLink,"68 Pitt St, Sydney NSW 2000, Australia","The business has received positive reviews and testimonials, showcasing their ability to deliver results. They have also highlighted successful case studies and client outcomes.","The website lacks a clear call to action for visitors to take the next step, such as booking a consultation or requesting more information. There is also a lack of regular blog content to drive organic traffic and engage visitors.","Implementing a strong SEO strategy to improve visibility and organic traffic., Setting up conversion optimization techniques to improve website performance and lead generation.",7,"The business has shown signs of growth and success through positive client feedback and case studies. However, the lack of a clear call to action and blog content indicates a potential need for digital services to enhance their online presence.","Hi Loudachris Digital Marketing, I noticed your impressive track record of delivering results for clients. With our expertise in SEO and conversion optimization, we can help you further enhance your online visibility and lead generation efforts to drive even greater success."
Reef Digital Agency,https://reefdigital.com.au/?utm_source=google&utm_medium=organic&utm_campaign=gmb-sydney,"100 Barangaroo Avenue Tower One, Level 35, International Towers, NSW 2000, Australia","The business has won awards, works with leading organizations and the NSW Government, and has a strong focus on driving results and making an impact.","The website could benefit from more detailed case studies or client testimonials to showcase past successes. Additionally, there is room for improvement in terms of showcasing the agency's expertise in a more visually appealing way.","SEO optimization to improve search rankings and visibility, Conversion rate optimization to maximize the impact of website visitors, Email marketing campaigns to nurture relationships and drive engagement",8,"Given the business's focus on driving results and making an impact, combined with the need to showcase past successes more effectively, they are likely to be open to hiring help in the near future to further enhance their digital marketing efforts.","Hi Reef Digital, I noticed your strong focus on driving results and making an impact. With our expertise in SEO optimization, conversion rate optimization, and email marketing campaigns, we can help you maximize your digital marketing efforts and achieve even greater success."
Rocket Agency,https://rocketagency.com.au/?utm_source=google&utm_medium=organic&utm_campaign=gmb_listing&utm_content=ra-sydney,"Level 1/137 Devonshire St, Surry Hills NSW 2010, Australia","The business has won over 30 awards, has a strong client testimonial section, and is recognized as a top digital agency in Australia.","The website lacks a clear call to action on the homepage, there is no mention of a blog or content marketing strategy, and there is limited information on specific case studies.","SEO services to improve search visibility and organic traffic, Conversion rate optimization (CRO) to improve website performance and lead generation",8,"Given the business's strong reputation, award wins, and client testimonials, they are likely looking to further enhance their digital presence and drive more results.","Rocket Agency, as a top digital marketing agency in Australia, can help enhance your online visibility through expert SEO services and optimize your website for maximum conversions with our proven CRO strategies."
Twinlife Marketing Pty Ltd,https://www.twinlifemarketing.com.au/,"155 King St, Sydney NSW 2000, Australia","The business has happy clients since 2009, testimonials showcasing business growth and success, and a founder with 25+ years of marketing leadership and entrepreneurial experience.","The website lacks a blog section for content marketing, and there is no clear call to action on the homepage to drive conversions.","SEO optimization to improve online visibility and attract more leads, Conversion design to enhance the user experience and drive more conversions",8,"The business has a strong foundation with happy clients and testimonials, indicating a need for continued growth. The lack of a blog and clear call to action suggest they may be looking to enhance their digital presence soon.","Hi Sonja, I noticed your impressive track record of helping businesses grow and succeed. With our expertise in SEO optimization and conversion design, we can help you further enhance your online visibility and drive more conversions to achieve even greater success."
Onmove Digital Agency,https://www.onmove.com.au/,"level 32/200 George St, Sydney NSW 2000, Australia","The business showcases multiple highlighted projects, indicating a track record of successful client work. They also mention becoming an extension of clients' businesses, suggesting a growing client base.","The website lacks a blog section, which could be a missed opportunity for content marketing and SEO. Additionally, there is no clear call to action on the homepage, potentially leading to missed lead generation opportunities.","SEO services to improve online visibility and drive organic traffic, Conversion design to optimize website for lead generation and sales",7,"Given the emphasis on transforming projects into works of art and maximizing online presence, the business seems focused on growth. The lack of a blog and clear call to action may indicate a need for external help.","Hi Onmove team, I noticed your impressive track record of turning projects into works of art. With our SEO services and conversion design expertise, we can help you further maximize your online presence and drive more leads and sales."
Digital Marketing Tribe,https://digitalmarketingtribe.com.au/,"Suite 507/476/478 George St, Sydney NSW 2000, Australia","The business has received positive testimonials from clients, indicating a strong reputation and customer satisfaction. They also have a dedicated team and multiple office locations, suggesting growth and expansion.",The website lacks a clear call to action on the homepage and could benefit from more frequent blog updates to improve SEO and engage visitors.,"SEO Site Audit to identify areas for improvement and enhance search engine visibility, Conversion design to optimize website for lead generation and customer acquisition",7,"Given the positive client feedback and the business's focus on digital marketing, they are likely aware of the importance of SEO and website optimization. The lack of a clear call to action indicates a potential need for help in these areas.","Hi Digital Marketing Tribe, I noticed your strong reputation and client testimonials. I believe our SEO Site Audit and Conversion Design services can further enhance your online presence and drive more leads to your business."
Eloquent,http://eloquent.com.au/,"Level 35, Tower One/100 Barangaroo Ave, Barangaroo NSW 2000, Australia","The business has a strong client testimonial section showcasing positive feedback from reputable companies, indicating a growing client base. They also mention working with clients in the healthcare sector, showing industry diversification.","The website lacks a blog section for regular content updates, which could impact SEO and audience engagement. There is no clear call to action on the homepage, potentially leading to missed conversion opportunities.","Implement a content marketing strategy to include a blog section for SEO and audience engagement., Optimize the website for better conversion rates by adding clear call-to-action buttons and forms.",7,"The business shows signs of growth and industry diversification, but the lack of a blog and clear call to action indicates a need for digital marketing assistance. They may be open to hiring help soon to address these weaknesses.","Hi there, I noticed your strong client testimonials and diverse industry experience on your website. To further enhance your online presence and drive more conversions, we recommend implementing a content marketing strategy with a blog section and optimizing your website for better conversion rates. Let's discuss how we can help you achieve your marketing goals."
Brand for Brands - Brand Strategy & Digital Marketing Agency,http://brandforbrands.com/,"Level 20/135 King St, Sydney NSW 2000, Australia","The business is actively publishing blog posts, has a portfolio of successful projects, and offers a variety of services indicating a diverse client base.","The website lacks clear call-to-action buttons, the blog section could be more prominently featured, and there is no mention of SEO services or strategies.","SEO optimization to improve search engine visibility and drive organic traffic, Conversion design to enhance user experience and increase lead generation, Email marketing campaign setup to engage with potential clients and nurture leads",7,"Given the business's focus on growth and brand survival, coupled with the lack of clear SEO strategies and call-to-action buttons, they are likely looking to hire help soon to enhance their digital presence.","Hi there, I noticed your strong focus on brand survival and growth, but did you know that optimizing your website for SEO, improving user experience through conversion design, and implementing targeted email marketing campaigns can significantly boost your brand's visibility and engagement? Let's discuss how we can help you achieve your growth goals together."
Insil,https://www.insil.com.au/,"Level 13, 1303/83 Mount St, North Sydney NSW 2060, Australia","The business has over 500 Australian businesses trusting them for marketing services, they have received numerous positive reviews from satisfied clients, and they mention working with clients in 13 countries globally.","The website lacks a blog section for content marketing, there is no clear call to action on the homepage, and the FAQ section could be expanded to address more common queries potential clients may have.","Implementing a content marketing strategy with a blog to improve SEO and attract organic traffic, Setting up email marketing campaigns to nurture leads and engage with current clients",8,"The business shows strong growth signals with a large client base and positive reviews, indicating they may be looking to further expand their marketing efforts. The weaknesses identified suggest they could benefit from digital services to enhance their online presence.","Hi Insil team, I noticed your impressive track record with over 500 Australian businesses trusting you for marketing services. To further enhance your online presence, I recommend implementing a content marketing strategy with a blog and setting up email marketing campaigns to nurture leads. Let's chat about how we can help you achieve even greater results!"
The Level Up™,https://www.thelevelup.ai/,"388 George St, Sydney NSW 2000, Australia","The business mentions they are passionate about empowering local businesses with A.I. tech, marketing, web design, and software solutions. They also highlight the importance of AI, SEO, social media, and automation in their services.","The website lacks a clear call to action on the homepage and could benefit from more specific case studies or client success stories to showcase their results. Additionally, the blog section could be more robust and updated regularly to drive organic traffic.","SEO optimization to improve search engine visibility and attract more organic traffic, Implementing CRM setup to manage lead/client relationships effectively and streamline sales processes",7,"The business shows a strong focus on leveraging technology and digital marketing strategies to help businesses grow, indicating a readiness to invest in digital services. However, the lack of a clear call to action and robust blog section suggests they may be looking for external help to enhance their online presence.","Hi there, I noticed your passion for empowering local businesses with A.I. tech and marketing solutions. We specialize in SEO optimization and CRM setup to help businesses like yours improve online visibility and streamline sales processes. Let's chat about how we can take your business to the next level!"
Soup Agency - Digital Marketing Agency,http://soupagency.com.au/,"3/127 York St, Sydney NSW 2000, Australia","The business has won multiple industry awards, achieved significant results for their clients, and has been in operation for over 5 years. They have a strong client testimonial section showcasing impressive ROI and revenue growth metrics.","The website lacks a blog section, which could be a missed opportunity for content marketing and SEO. There is also no clear call to action on the homepage, potentially leading to missed lead generation opportunities.","SEO services to further improve organic traffic and rankings, CRM setup to streamline customer relationship management and email marketing integration for more targeted campaigns.",8,"Given the business's focus on growth and results, along with the absence of certain digital marketing elements on their website, they are likely looking to invest in digital services to continue their success.","Hi SOUP Agency, I noticed your impressive track record of achieving significant results for your clients. With our expertise in SEO, CRM setup, and email marketing, we can help you further enhance your digital strategy and drive even more growth for your business."
Digital Presence - SEO Agency - Sydney Office,https://www.digitalpresence.com.au/,"13/135 King St, Sydney NSW 2000, Australia","The business has been proudly supporting Australian businesses since 2009, has achieved amazing results for clients, and has a strong portfolio of success stories and client testimonials.","The website lacks a clear call to action on the homepage, there is no mention of email marketing or CRM setup services, and the blog section seems to be missing.","Email marketing campaign setup to engage with leads and customers, CRM setup to streamline customer relationship management and improve retention rates",7,"The business has been in operation for over a decade, has a strong focus on delivering results, and has a clear need for email marketing and CRM setup services to enhance their digital presence and customer engagement.","Hi, I noticed your impressive track record of supporting Australian businesses since 2009. To further boost your digital presence and customer engagement, I recommend implementing email marketing campaigns and setting up a CRM system to streamline your processes and improve customer relationships."
Vulb Media,http://www.vulbmedia.com/,"Unit 411/350 George St, Sydney NSW 2000, Australia",There are no clear growth signals based on the website content provided.,"The website content is displaying an error message, indicating a potential issue with the website's server or configuration. This could lead to a poor user experience and hinder the business's online presence.","Website development and optimization, SEO audit and improvement",3,"Given the error message on the website, there is a clear need for immediate assistance with website development and optimization. The lack of a proper online presence could indicate a sense of urgency for the business to address these issues.","Your website is currently displaying an error message, which could be impacting your online visibility and user experience. We specialize in website development and SEO optimization to help businesses like yours improve their online presence and drive more traffic and conversions."
Digital One Agency,https://www.digitaloneagency.com.au/,"903/50 Clarence St, Sydney NSW 2000, Australia","The business has a portfolio of successful projects, positive client testimonials, and a blog section showcasing industry insights and trends.","The website lacks a clear call to action on the homepage, there is no mention of social media presence or engagement, and the blog section could be more regularly updated.","SEO optimization to improve visibility and organic traffic, Conversion design to enhance user experience and increase lead generation",7,"The business shows signs of growth with a strong portfolio and positive client feedback. However, the lack of clear CTAs and regular blog updates indicate a need for digital assistance.","Hi Digital One Agency, I noticed your impressive portfolio and positive client testimonials. With our expertise in SEO optimization and conversion design, we can help improve your online visibility and enhance user experience to drive more leads and conversions."
